date,url,bytes,sha256,records
2014-04-22,https://s3.amazonaws.com/weruns/forfun/Kickstarter/Kickstarter_2014-04-22.json.zip,63302563,876163a4193726b4555882f3e3dd0d377ef8e3d55754715a115d9cd52db787c9,141823
2014-08-13,https://s3.amazonaws.com/weruns/forfun/Kickstarter/Kickstarter_2014-08-13.json.zip,68630822,34ebb47c1d87550f1571180a40f0403bcb9efa5a31d530883f76e04540e62ea7,148589
2014-10-17,https://s3.amazonaws.com/weruns/forfun/Kickstarter/Kickstarter_2014-10-17.json.zip,81548907,97bda14def0e63e481689295340972195b10d3cbd1a0c25b717f34b825dbd368,181642
2014-12-02,https://s3.amazonaws.com/weruns/forfun/Kickstarter/Kickstarter_2014-12-02.json.zip,86126418,3389f567e609d0db5ba17598f5442abe54a2d4ae27571af945a64692b24c4442,191386
2015-04-02,https://s3.amazonaws.com/weruns/forfun/Kickstarter/Kickstarter_2015-04-02.json.zip,30904996,94f753b5f1cbed7ca6e456b36c88d2d9e6a1273f37a3692a7cd517b30e6d099e,56649
2015-06-12,https://s3.amazonaws.com/weruns/forfun/Kickstarter/Kickstarter_2015-06-12.json.zip,0,UNAVAILABLE (HTTP 403),0
2015-08-21,https://s3.amazonaws.com/weruns/forfun/Kickstarter/Kickstarter_2015-08-21.json.zip,43417440,0763ceadac83421feb5b3c215565365daf1462b824dfb99ce981051d18dafa64,57702
2015-10-22,https://s3.amazonaws.com/weruns/forfun/Kickstarter/Kickstarter_2015-10-22T09_57_48_703Z.json.gz,43426268,e00e0775b060353889f36956039c27d43349f959c621cd5e30a3f9510aebb131,57981
2015-11-01,https://s3.amazonaws.com/weruns/forfun/Kickstarter/Kickstarter_2015-11-01T14_09_04_557Z.json.gz,43224891,d33c756230f264934eef4a30429eb5c4fa4db158a3d416b0bbb3a1d437a468c4,58009
2015-12-17,https://s3.amazonaws.com/weruns/forfun/Kickstarter/Kickstarter_2015-12-17T12_09_06_107Z.json.gz,104776302,df06e2a79106fe0618debfdb4805df58888b55dc0497aa2ca5e38594a4b90ff2,144263
2016-01-28,https://s3.amazonaws.com/weruns/forfun/Kickstarter/Kickstarter_2016-01-28T09_15_08_781Z.json.gz,107195345,7580c3bf0d74c0f3ac8c332ee4c2e4ee7a5b0999af204869e90608c796cd79c8,147429
2016-03-22,https://s3.amazonaws.com/weruns/forfun/Kickstarter/Kickstarter_2016-03-22T07_41_08_591Z.json.gz,110967561,9a8d5f76cdd8d795120b4ca58b6f9fea30ead16a33c9c28b1d4eca929c66e8cf,152455
2016-04-15,https://s3.amazonaws.com/weruns/forfun/Kickstarter/Kickstarter_2016-04-15T02_09_04_328Z.json.gz,116191310,9b97bbbe0fcdf5a9c235ae43201db27b0382bb041e08bd9c4e3e2f87b10b175e,154505
2016-05-15,https://s3.amazonaws.com/weruns/forfun/Kickstarter/Kickstarter_2016-05-15T02_04_46_813Z.json.gz,110977883,db681a5632a670760acfa97ec24664aa66e2b01cd6a3897b2537dfc434d96f67,145626
2016-06-15,https://s3.amazonaws.com/weruns/forfun/Kickstarter/Kickstarter_2016-06-15T02_04_49_697Z.json.gz,124758251,7444c501b4029145970ba40380b675d1e7f0a8c530b7da84373ccbd6d6171333,159415
2016-07-15,https://s3.amazonaws.com/weruns/forfun/Kickstarter/Kickstarter_2016-07-15T02_04_40_862Z.json.gz,126454297,7ccf209fdace20e4bece3077f97b5d4a15bf7ad79999ed9bb8eea3f294f5031c,161447
2016-08-15,https://s3.amazonaws.com/weruns/forfun/Kickstarter/Kickstarter_2016-08-15T02_04_03_829Z.json.gz,128231014,6f8c318caeadf3ebdcd7cbb986e0bfffd5d3aca5562a867b88ca2fc160cfd967,163373
2016-09-15,https://s3.amazonaws.com/weruns/forfun/Kickstarter/Kickstarter_2016-09-15T02_04_03_474Z.json.gz,129772693,d7a52f2c01b07a519ed84b3932f63666d46d4dbec2c88732a5301d644bb4f873,165378
2016-10-15,https://s3.amazonaws.com/weruns/forfun/Kickstarter/Kickstarter_2016-10-15T02_04_11_689Z.json.gz,131359904,c75d288176097955ee3da044f070fc50a964547c1f17cafe7f4df9cecee46645,167304
2016-11-12,https://s3.amazonaws.com/weruns/forfun/Kickstarter/Kickstarter_2016-11-12T22_20_03_295Z.json.gz,133011884,24e4e62aa7de30681b43028d11369f8b13a4b02bb0a89f8c10172ec95c276fba,169192
2016-12-15,https://s3.amazonaws.com/weruns/forfun/Kickstarter/Kickstarter_2016-12-15T22_20_52_411Z.json.gz,134821692,c6e154ec53d1f36a7854f1a70bbbc01f135cb0c72c5474488eba59a7552292ae,171381
2017-01-15,https://s3.amazonaws.com/weruns/forfun/Kickstarter/Kickstarter_2017-01-15T22_21_04_985Z.json.gz,136176118,1b8c9a343a53e314e8e5be0e9e17a08ac31f0707b442eeb070de8dcd4ca55dee,172892
2017-02-15,https://s3.amazonaws.com/weruns/forfun/Kickstarter/Kickstarter_2017-02-15T22_22_48_377Z.json.gz,137986906,bc8fbfeacfaa11dbdfaa5d49545ea49e2d5442e850a34f9d40755ee5d7f653d4,175085
2017-03-15,https://s3.amazonaws.com/weruns/forfun/Kickstarter/Kickstarter_2017-03-15T22_20_55_874Z.json.gz,139683133,7bd694993052662f69189491f9f8972ece6fca85b6583f8b226af8bc5dd75a88,177140
2017-04-15,https://s3.amazonaws.com/weruns/forfun/Kickstarter/Kickstarter_2017-04-15T22_21_18_122Z.json.gz,141587505,69490f469b09ea07fc91a34ebc78a6ac79662bbec4e82ed71b81dd9a0b68cc44,179311
2017-05-15,https://s3.amazonaws.com/weruns/forfun/Kickstarter/Kickstarter_2017-05-15T22_21_11_300Z.json.gz,143129164,4cf320afd54f462624b85997384851c81815ecb868c6aa178269ece3254e7bec,181288
2017-06-15,https://s3.amazonaws.com/weruns/forfun/Kickstarter/Kickstarter_2017-06-15T22_20_03_059Z.json.gz,151424224,98c93f92fde87ae585be8583bb5fc522132b6e2ef13a78f7188d1ffb05f29f03,194818
2017-07-15,https://s3.amazonaws.com/weruns/forfun/Kickstarter/Kickstarter_2017-07-15T22_20_48_951Z.json.gz,148324130,1f71bef9ae45faf3dad8804f76a9bce0148dc4b8288f476abe218c44ca01b266,196757
2017-08-15,https://s3.amazonaws.com/weruns/forfun/Kickstarter/Kickstarter_2017-08-15T22_20_51_958Z.json.gz,128241945,cb7f5148bbadd703d81ac6761f4afcc4bf1ff905489d48c036bcc51963353387,169832
2017-09-15,https://s3.amazonaws.com/weruns/forfun/Kickstarter/Kickstarter_2017-09-15T22_20_48_432Z.json.gz,118801117,01a54e237bb1524b43439ada1d0a99becc9b2d5a71271fe99fde5ba062e53f46,155966
2017-10-15,https://s3.amazonaws.com/weruns/forfun/Kickstarter/Kickstarter_2017-10-15T10_20_38_271Z.json.gz,120718237,ea25b078b4b3c4c7880da13b30bd852f8b0bdda9fd00c6de888c6efc68c46879,157127
2017-11-15,https://s3.amazonaws.com/weruns/forfun/Kickstarter/Kickstarter_2017-11-15T10_21_04_919Z.json.gz,121552502,fe4729f036be857f5583993eed1827622854cc5d69f8ad03c9445006285a9673,158174
2017-12-15,https://s3.amazonaws.com/weruns/forfun/Kickstarter/Kickstarter_2017-12-15T10_20_51_610Z.json.gz,150830527,62649cf6247f11bc6aa76b3a4cf6aa013d2c2e1d45caa1fa6d9ac2db4177715e,195943
2018-01-12,https://s3.amazonaws.com/weruns/forfun/Kickstarter/Kickstarter_2018-01-12T10_20_09_196Z.json.gz,151524967,54a6dc09e911cb7c25b1b766cf327a539f9d0608856f6e6a418237c052b314b2,196792
2018-02-15,https://s3.amazonaws.com/weruns/forfun/Kickstarter/Kickstarter_2018-02-15T03_20_44_743Z.json.gz,150655630,e404e58c17443ebf6a49ad530b45018cc0236237ea3688294663f885a05502be,195614
2018-03-15,https://s3.amazonaws.com/weruns/forfun/Kickstarter/Kickstarter_2018-03-15T03_20_39_033Z.json.gz,161150401,945d919fdcf1decf42631653d039b9fd88bc524111ec29a2626f5998932b7c74,198968
2018-04-12,https://s3.amazonaws.com/weruns/forfun/Kickstarter/Kickstarter_2018-04-12T03_20_13_192Z.json.gz,156356961,3f3850c39b716e27f0cd3b4da7bbc8fcaa28c352cb5a9db3c16249120b414eee,199937
2018-05-17,https://s3.amazonaws.com/weruns/forfun/Kickstarter/Kickstarter_2018-05-17T03_20_08_333Z.json.gz,155627808,d857c60ad9c4008206917d624a05b62f72f693bb85622962bab915ce76124fde,202111
2018-06-14,https://s3.amazonaws.com/weruns/forfun/Kickstarter/Kickstarter_2018-06-14T03_20_15_782Z.json.gz,155608791,587e628fc9e109f07d2fc787079962a8dcca1e54398a4c5508b35eebd07e2b86,202028
2018-07-12,https://s3.amazonaws.com/weruns/forfun/Kickstarter/Kickstarter_2018-07-12T03_20_16_435Z.json.gz,156314029,b100e02b7b4e5af6e21a459f7ae54b02b92c29e0c583d90c82c81cd1473c2c99,202888
2018-08-16,https://s3.amazonaws.com/weruns/forfun/Kickstarter/Kickstarter_2018-08-16T03_20_13_856Z.json.gz,157137036,6864767f91ba9012abea20990bde486f6dd5d42e322ad1984d5d324dc1cae466,203885
2018-09-13,https://s3.amazonaws.com/weruns/forfun/Kickstarter/Kickstarter_2018-09-13T03_20_17_777Z.json.gz,168157623,93f5ee95f491a1063023a7ac4963924057ebfd0c429a4b812fc3093167c5e996,205091
2018-10-18,https://s3.amazonaws.com/weruns/forfun/Kickstarter/Kickstarter_2018-10-18T03_20_48_880Z.json.gz,170052318,a8b2be26a5feb035fbaa422af624fcc8b21e9f67c9b9bfd2ee6e27ac6f3eff65,205696
2018-11-15,https://s3.amazonaws.com/weruns/forfun/Kickstarter/Kickstarter_2018-11-15T03_20_50_568Z.json.gz,171025024,99b76e7aac45589ccc3eed4c35df5fae86b1f8d0dc5f35424e4be8375c439e44,206542
2018-12-13,https://s3.amazonaws.com/weruns/forfun/Kickstarter/Kickstarter_2018-12-13T03_20_05_701Z.json.gz,171699520,8d1236b1ea6b4ef029dde6d9da3f43a82fe256eb10005d4a16aede115fb83fbe,207227
2019-01-17,https://s3.amazonaws.com/weruns/forfun/Kickstarter/Kickstarter_2019-01-17T03_20_02_630Z.json.gz,174818575,c01c741f623e2efa4360145d09a007054529f1a681bb9880c7597772e94c4762,207848
2019-02-14,https://s3.amazonaws.com/weruns/forfun/Kickstarter/Kickstarter_2019-02-14T03_20_04_734Z.json.gz,174996189,6519200adbc269a52991a0f74714c6b5bb4a96ef227aee1c3fcb3fbb76170a3b,208474
2019-03-14,https://s3.amazonaws.com/weruns/forfun/Kickstarter/Kickstarter_2019-03-14T03_20_12_200Z.json.gz,175453586,2e5d76f70162ead456cc3053409a7ab5da792fe4d597e0def587e5510d3da746,209222
2019-04-18,https://s3.amazonaws.com/weruns/forfun/Kickstarter/Kickstarter_2019-04-18T03_20_02_220Z.json.gz,176121578,24944dcd0ff5f9743def80d8cc4969bd7467deb132e981ba0336e5b7f1a9540c,210088
2019-05-16,https://s3.amazonaws.com/weruns/forfun/Kickstarter/Kickstarter_2019-05-16T03_20_20_822Z.json.gz,176760058,875a58ef96e3afd42406ba6add871efab0364e2c2d0d735f69f1c1a3c4278696,210857
2019-06-13,https://s3.amazonaws.com/weruns/forfun/Kickstarter/Kickstarter_2019-06-13T03_20_35_801Z.json.gz,177378791,5993712f862001bbd49699425fa3bcb970d6dee1f7e1cf135db7f5f0602224e9,211574
2019-07-18,https://s3.amazonaws.com/weruns/forfun/Kickstarter/Kickstarter_2019-07-18T03_20_05_009Z.json.gz,178297199,990e5848e48a51e86712d7e4da147291a6a9d304fcbfdcefe8e6e5eea3ebaee5,212378
2019-08-15,https://s3.amazonaws.com/weruns/forfun/Kickstarter/Kickstarter_2019-08-15T03_20_03_022Z.json.gz,174812512,d07a796670d2877ff0cb010acf1745ebe72a7710693109cf5c78aa515f74012d,207621
2019-09-12,https://s3.amazonaws.com/weruns/forfun/Kickstarter/Kickstarter_2019-09-12T03_20_06_215Z.json.gz,179615921,9da7eb8335126b91e2a216cf0dd0fa0ae13bfc9bceea3a6b3b26fee8d81df1ac,213657
2019-10-17,https://s3.amazonaws.com/weruns/forfun/Kickstarter/Kickstarter_2019-10-17T03_20_19_421Z.json.gz,172766366,580b34b4b6a128b6ff0046f3e61f86a58c8aa9e149a7364f8cfde9ab25f6881d,205227
2019-11-14,https://s3.amazonaws.com/weruns/forfun/Kickstarter/Kickstarter_2019-11-14T03_20_27_004Z.json.gz,178203543,cd50a4a81126d5ca674ff4b711da9f291cc38527a62c609327a9ec17e8846838,211424
2019-12-12,https://s3.amazonaws.com/weruns/forfun/Kickstarter/Kickstarter_2019-12-12T03_20_05_306Z.json.gz,182034867,c2d33e309b6cc2b4d3e6fbcfeacd74add79c300b0aef6f8e470bb359f7db9621,215800
2020-01-16,https://s3.amazonaws.com/weruns/forfun/Kickstarter/Kickstarter_2020-01-16T03_20_15_556Z.json.gz,179013607,d7c1af5aa5af46c15ba541381e6051c85263f3837954edcca635dd7b7f80e156,211271
2020-02-13,https://s3.amazonaws.com/weruns/forfun/Kickstarter/Kickstarter_2020-02-13T03_20_04_893Z.json.gz,178545421,f55c3771d47d4f662c30aec493b45144f51484633cfb07d28a57a45950404a2d,211076
2020-03-12,https://s3.amazonaws.com/weruns/forfun/Kickstarter/Kickstarter_2020-03-12T03_20_06_551Z.json.gz,182582156,7e8b536a04510784316b2f2e1602ac76e45b0ec1a5bfcaf454cad983d4ca0065,215977
2020-04-16,https://s3.amazonaws.com/weruns/forfun/Kickstarter/Kickstarter_2020-04-16T03_20_04_541Z.json.gz,173656567,dcb10ed223bd39e3735140f07bc1f485cb8587beddbce86344cd371d63f58a20,204625
2020-05-14,https://s3.amazonaws.com/weruns/forfun/Kickstarter/Kickstarter_2020-05-14T03_20_08_560Z.json.gz,184365568,c5ab8363e717a6b541cc3b20e75fdb938ad84795c1a35c471f4d911c4f081ef8,217433
2020-06-18,https://s3.amazonaws.com/weruns/forfun/Kickstarter/Kickstarter_2020-06-18T03_20_07_487Z.json.gz,177537217,d7948a5650b78c2e0eaab063f358f870f37f278386cc25a1dee4fa64746a53f0,209445
2020-07-16,https://s3.amazonaws.com/weruns/forfun/Kickstarter/Kickstarter_2020-07-16T03_20_08_086Z.json.gz,183447598,cdbedcde273577ea429ead93cc15cb17db1ddb07f3fdead31c0e22ec2958409c,216513
2020-08-13,https://s3.amazonaws.com/weruns/forfun/Kickstarter/Kickstarter_2020-08-13T03_20_17_470Z.json.gz,181642603,fd869890d1d2aeb0f9bae6b505268addd8b1040a65309cb6e41cc4c3c62b4f1e,208037
2020-09-17,https://s3.amazonaws.com/weruns/forfun/Kickstarter/Kickstarter_2020-09-17T03_20_18_143Z.json.gz,192051122,a05b6f3f1ec0217ac6066522dc6365ab04ea3ee302014a24e25fb5c62642466e,219688
2020-10-15,https://s3.amazonaws.com/weruns/forfun/Kickstarter/Kickstarter_2020-10-15T03_20_03_128Z.json.gz,192128176,f7c2065c7e7df6e6a2fcee25d1c1a6d575ef0c0feb886d51a4819a46eb10534d,219538
2020-11-12,https://s3.amazonaws.com/weruns/forfun/Kickstarter/Kickstarter_2020-11-12T03_20_11_453Z.json.gz,186341505,77b6f9321a7b4581317c1cd638eed2c2f9ede38ee0fd5109341257f76e8b2c5c,213193
2020-12-17,https://s3.amazonaws.com/weruns/forfun/Kickstarter/Kickstarter_2020-12-17T03_20_12_051Z.json.gz,189873429,2fead22d90b1125fcca2530ab9d0ffb8b1bda916630de10797a4f592c475dfc0,217253
2021-01-14,https://s3.amazonaws.com/weruns/forfun/Kickstarter/Kickstarter_2021-01-14T03_20_05_328Z.json.gz,193298487,b268675ae28f84197901be03af3c3cc2e1730e630e3fd876884dd4e0f4cc8701,221280
2021-02-11,https://s3.amazonaws.com/weruns/forfun/Kickstarter/Kickstarter_2021-02-11T03_20_07_976Z.json.gz,185037307,40e17aa03f1a3d80f319b3a32b32c5442da814cbb475e9840d5e3a3c72ce63d3,210835
2021-03-18,https://s3.amazonaws.com/weruns/forfun/Kickstarter/Kickstarter_2021-03-18T03_20_11_507Z.json.gz,184265061,640cbe2c9f325d9becbfe3d7be827dd5f6a3d0ea0c38cb6e6904b0986b818d5b,213583
2021-04-15,https://s3.amazonaws.com/weruns/forfun/Kickstarter/Kickstarter_2021-04-15T03_20_08_451Z.json.gz,194006682,331b68d6e9f84fc57ded0f148917618d9cb247d64a0e39b1506f288a25120f56,224179
2021-05-13,https://s3.amazonaws.com/weruns/forfun/Kickstarter/Kickstarter_2021-05-13T03_20_03_813Z.json.gz,194813027,8013530c9099b95e1fed971d2dd44da66e81e57d2ed5025e0c113a77c2ecef5d,224457
2021-06-17,https://s3.amazonaws.com/weruns/forfun/Kickstarter/Kickstarter_2021-06-17T03_20_03_179Z.json.gz,27012494,e02d00c2bd1468cb289135f48f2105f020b247b141d81c5821f6462bed637e59,31221
2021-07-15,https://s3.amazonaws.com/weruns/forfun/Kickstarter/Kickstarter_2021-07-15T03_20_57_837Z.json.gz,2481201,7acb733707c500821bba2d0ac684db7bf9aa8fa81e228863144229b48a678e96,2940
2021-08-12,https://s3.amazonaws.com/weruns/forfun/Kickstarter/Kickstarter_2021-08-12T03_20_04_185Z.json.gz,27339744,3c45ff022e77aaff0719e5028dbc755dc25fb9c59b56d2acd0b8d02e5c347c51,31068
2021-09-16,https://s3.amazonaws.com/weruns/forfun/Kickstarter/Kickstarter_2021-09-16T03_20_11_333Z.json.gz,24693258,51f3efdc38d3117735272980e20ef059e66c608287352d3ee65aa4c38b68c078,29724
2021-10-14,https://s3.amazonaws.com/weruns/forfun/Kickstarter/Kickstarter_2021-10-14T03_20_07_518Z.json.gz,24373592,478915d2e7946dda3513620765c5be4769d3c57b1267a756726332ae16472f98,29798
2021-11-18,https://s3.amazonaws.com/weruns/forfun/Kickstarter/Kickstarter_2021-11-18T03_20_04_819Z.json.gz,26755259,addf25fe42a052d66a89d00b069f6a2e0a193160f1bf4c7dace4103fde5cbd55,32208
2021-12-09,https://s3.amazonaws.com/weruns/forfun/Kickstarter/Kickstarter_2021-12-09T03_20_13_242Z.json.gz,22911583,ce9ef216ba907fa5955ec40af707670d94aae0003c055abe3f2ca4c65cdb1f02,27496
2022-01-20,https://s3.amazonaws.com/weruns/forfun/Kickstarter/Kickstarter_2022-01-20T03_20_11_451Z.json.gz,25080343,e0f7b993dfbaba8e16b5d15fedf25bb3b92c23cc7c06118fd13f2f6d7d5e0fec,30113
2022-02-10,https://s3.amazonaws.com/weruns/forfun/Kickstarter/Kickstarter_2022-02-10T03_20_20_292Z.json.gz,24186653,09c7f336ca76b1dd6b3a2dfa829ba0b96fffa5552be868537cbb13f7d7a7d73c,29188
2022-03-24,https://s3.amazonaws.com/weruns/forfun/Kickstarter/Kickstarter_2022-03-24T03_20_19_285Z.json.gz,28443569,5d605363236b3ad204d7c52640dfff8e2a6174d0fd374024188571577ecb61fd,34269
2022-04-21,https://s3.amazonaws.com/weruns/forfun/Kickstarter/Kickstarter_2022-04-21T03_20_08_060Z.json.gz,25712508,986c2810fbf700c6a37c5b7f42e4479119b1ca6a028f867484d286291b94908f,30992
2022-05-19,https://s3.amazonaws.com/weruns/forfun/Kickstarter/Kickstarter_2022-05-19T03_20_05_346Z.json.gz,199944439,467b8aabcffa9e3882968b0ce24472b78b0a87b1927ad95b871acf83abc15208,230007
2022-06-09,https://s3.amazonaws.com/weruns/forfun/Kickstarter/Kickstarter_2022-06-09T03_20_03_365Z.json.gz,199508543,35ac6fd880eb370ada3a08f8de75e886b606d3c95ec38b3dc07e08691ffc69d3,230346
2022-07-14,https://s3.amazonaws.com/weruns/forfun/Kickstarter/Kickstarter_2022-07-14T03_20_06_406Z.json.gz,2158614,88e2396fdfeaed9a84959ec7465499c5b6d706a270313fbe3005d3187e3350d8,2612
2022-08-11,https://s3.amazonaws.com/weruns/forfun/Kickstarter/Kickstarter_2022-08-11T03_20_04_440Z.json.gz,1637831,c787ab9c90e4dc9d6f396e7e45b54cba4703dac65ae3d0010fc7fd7cdc73dae6,1999
2022-09-15,https://s3.amazonaws.com/weruns/forfun/Kickstarter/Kickstarter_2022-09-15T03_20_10_337Z.json.gz,1071863,96e3df04d8258ba8b12dca7e9c469dcb17dd1ec1f217de7eb4337b5fa4596831,1272
2022-10-13,https://s3.amazonaws.com/weruns/forfun/Kickstarter/Kickstarter_2022-10-13T03_20_19_468Z.json.gz,1736496,e48c2df0a7f717b432adde14b665377c8479bcde5d52688a2c5e20f7acd0c39a,2098
2022-11-17,https://s3.amazonaws.com/weruns/forfun/Kickstarter/Kickstarter_2022-11-17T03_20_10_019Z.json.gz,61178,660a81dcd3a3c8449c88da45400bdea11fde83f50eecd22a497c166813841faa,72
2022-12-15,https://s3.amazonaws.com/weruns/forfun/Kickstarter/Kickstarter_2022-12-15T03_20_04_521Z.json.gz,6687838,d9694f242137a6e3265b6b0dab416d17178bba067e46072e192c27c166079293,7990
2023-01-05,https://s3.amazonaws.com/weruns/forfun/Kickstarter/Kickstarter_2023-01-05T03_20_04_136Z.json.gz,6114281,7ce4115f3f694af668444213627e4d58ee41bd77fb5bf308563f67ccba525970,7432
2023-02-16,https://s3.amazonaws.com/weruns/forfun/Kickstarter/Kickstarter_2023-02-16T03_20_05_221Z.json.gz,3679003,bd312d10cb61bbe7145eda7c7de203155f37c6976d4219f1dad10870afb5b2b4,4393
2023-03-09,https://s3.amazonaws.com/weruns/forfun/Kickstarter/Kickstarter_2023-03-09T03_20_04_199Z.json.gz,2987053,6f00d62ccad03260c045b6e31846978169537526c69556266ee1ca3f21fe15f9,3580
2023-04-18,https://s3.amazonaws.com/weruns/forfun/Kickstarter/Kickstarter_2023-04-18T13_03_17_223Z.json.gz,16083020,5005176a8d68a65f7887e920e7f6e63fdd7664e12ebb86ade772e4fa9c0f7456,19643
2023-05-18,https://s3.amazonaws.com/weruns/forfun/Kickstarter/Kickstarter_2023-05-18T03_20_08_715Z.json.gz,3105270,b340570082f8dd36508b4325399362cef0edc4ae98922fd755c82a46e7f1c40c,3724
2023-06-08,https://s3.amazonaws.com/weruns/forfun/Kickstarter/Kickstarter_2023-06-08T03_20_06_989Z.json.gz,4821310,8f7b481e376a17fb107fa10d8526ca0af4f4cefbf20a425f44cb853a9dac988d,5795
2023-07-13,https://s3.amazonaws.com/weruns/forfun/Kickstarter/Kickstarter_2023-07-13T03_20_02_827Z.json.gz,20473575,66d6e2004cde2e71df17fbd314b3a157cf21d8e46e7acd850e081ce2464463cc,24723
2023-08-17,https://s3.amazonaws.com/weruns/forfun/Kickstarter/Kickstarter_2023-08-17T03_20_11_634Z.json.gz,20093858,83fedbca436076726003ae3f9457c6055993d82413a992beaefa19d3958e1c14,24279
2023-09-14,https://s3.amazonaws.com/weruns/forfun/Kickstarter/Kickstarter_2023-09-14T03_20_28_258Z.json.gz,206316686,99e53ba0a3fe0de55f97b42fbcc0533e4cacd638bb4bb1bf1351e2d856e8ff7d,238184
2023-10-12,https://s3.amazonaws.com/weruns/forfun/Kickstarter/Kickstarter_2023-10-12T03_20_02_365Z.json.gz,207692025,537c2ae8b4ede5b72195a5249358e3059a5132910ad64cb601266bebdd42ee81,240493
2023-11-16,https://s3.amazonaws.com/weruns/forfun/Kickstarter/Kickstarter_2023-11-16T03_20_10_045Z.json.gz,20899892,ac80822181c17e4c86de4d28942a9e3f7588a8af0374740c1d96646e947424e1,25280
2023-12-14,https://s3.amazonaws.com/weruns/forfun/Kickstarter/Kickstarter_2023-12-14T03_20_06_766Z.json.gz,22687649,50bfa79e81e21f18dba539cef52de5e04c5b5fff92a7114bdb6834d9d83caefc,24912
2024-01-15,https://s3.amazonaws.com/weruns/forfun/Kickstarter/Kickstarter_2024-01-15T14_13_05_649Z.json.gz,23630934,14fede994e54ade43c72437521ad08b97f7062bd93621c87285a68f094ff2189,25957
2024-02-15,https://s3.amazonaws.com/weruns/forfun/Kickstarter/Kickstarter_2024-02-15T03_20_05_339Z.json.gz,23279865,6c94ff8f104a48bf2cbe8cfda7d776bbf11f55ae628e00908abcbb2d75739486,25583
2024-03-14,https://s3.amazonaws.com/weruns/forfun/Kickstarter/Kickstarter_2024-03-14T03_20_05_926Z.json.gz,23702762,f33f7d89cb14586aab4c90d7e6eafee59d7156132b0818d94aa8b55ca5009188,26070
2024-04-15,https://s3.amazonaws.com/weruns/forfun/Kickstarter/Kickstarter_2024-04-15T06_47_07_694Z.json.gz,264961931,f981c5c80d66519fa84e263acd486a86e138f22a4a4e02076bea1eea9f6c9806,241369
2024-05-15,https://s3.amazonaws.com/weruns/forfun/Kickstarter/Kickstarter_2024-05-15T08_20_53_524Z.json.gz,265534671,fc79e052d4f4efbd34bb9d4f8b6aae53fa0914554925790192f7ba3a7f9f329e,241857
2024-06-20,https://s3.amazonaws.com/weruns/forfun/Kickstarter/Kickstarter_2024-06-20T03_20_39_141Z.json.gz,227433343,c1f02337f60da9c4c5ae005f258f5db23843265bdf33ba4c9d575c87ae681842,207306
2024-07-11,https://s3.amazonaws.com/weruns/forfun/Kickstarter/Kickstarter_2024-07-11T03_20_11_021Z.json.gz,267332153,9795a384e99d78bbd0fb599abffd9ac04c3f32fd283722050b4d40b27b4443e0,242699
2024-08-12,https://s3.amazonaws.com/weruns/forfun/Kickstarter/Kickstarter_2024-08-12T12_06_51_507Z.json.gz,268623616,e5219cd11a0f977a3133d9590b012712112c2f6cc1c1301ebe09d4783b71c7f1,243611
2024-09-12,https://s3.amazonaws.com/weruns/forfun/Kickstarter/Kickstarter_2024-09-12T03_20_25_588Z.json.gz,269216960,4e86f9c10ef5fd26f27c9db288d01b7c0e32717699443e8e055ae8f000343d67,244000
2024-10-14,https://s3.amazonaws.com/weruns/forfun/Kickstarter/Kickstarter_2024-10-14T06_34_06_986Z.json.gz,256072572,8119ef25c82bfcc4a72fb30ae5daffa04748eabe64e952f09d59af9ac573a0c0,233125
2024-11-14,https://s3.amazonaws.com/weruns/forfun/Kickstarter/Kickstarter_2024-11-14T03_20_15_937Z.json.gz,284089850,1c7ff3373c94b32a3465eb32683e2b265452eb1aa0ba7327793fa2116e28fe49,244737
2024-12-12,https://s3.amazonaws.com/weruns/forfun/Kickstarter/Kickstarter_2024-12-12T03_20_04_455Z.json.gz,268685182,8701ffdfdb8eb8501e53512aee906431b9dab334aa4f8683043858696960d4b3,231290
2025-01-13,https://s3.amazonaws.com/weruns/forfun/Kickstarter/Kickstarter_2025-01-13T07_44_02_722Z.json.gz,285381817,801ecd12d23103a17302c25c77f78fbfd507af803c66388c86b26a87eb835447,245526
2025-02-12,https://s3.amazonaws.com/weruns/forfun/Kickstarter/Kickstarter_2025-02-12T07_48_27_293Z.json.gz,227552118,a0dafac3097a24619cef83ae06405363075946ec261cfffc09eb9b6add5dbdcf,195676
2025-03-12,https://s3.amazonaws.com/weruns/forfun/Kickstarter/Kickstarter_2025-03-12T07_34_02_656Z.json.gz,186493477,a70ae72a61f5c640b9270d258fe75b801777d8801a62eb0ce9dbf6aef2433e84,160938
2025-04-10,https://s3.amazonaws.com/weruns/forfun/Kickstarter/Kickstarter_2025-04-10T03_20_09_833Z.json.gz,281704363,4ceea1af74aece72eadb438008b3cd759c5807e2416bd4f16ab42bfa985310dd,241776
2025-05-12,https://s3.amazonaws.com/weruns/forfun/Kickstarter/Kickstarter_2025-05-12T06_38_32_514Z.json.gz,304455536,13e03dd484b6e84e5c114be84c2705aea0ec0034cbd37e6edabf424fed77ebcc,260916
2025-06-12,https://s3.amazonaws.com/weruns/forfun/Kickstarter/Kickstarter_2025-06-12T03_20_15_713Z.json.gz,303614468,cff88fc72c1e6083b1b477b95d218886cb348dea22f117332d24f58795f476d3,259976
2025-07-14,https://s3.amazonaws.com/weruns/forfun/Kickstarter/Kickstarter_2025-07-14T06_25_27_218Z.json.gz,300027293,ea83fee768a3327040fba483c084361a2cf9ca26f7469dc3b90393aa0e933379,257692
2025-08-12,https://s3.amazonaws.com/weruns/forfun/Kickstarter/Kickstarter_2025-08-12T06_24_51_926Z.json.gz,304950512,9c5aeb4417286cdade0404db6ae478e6158d8f3fae52c1da08314b5d1e55767e,262027
2025-09-11,https://s3.amazonaws.com/weruns/forfun/Kickstarter/Kickstarter_2025-09-11T03_20_29_905Z.json.gz,307089496,c86c93f1d7008fc421677a9013ce5d1e5466336d20d4ec448ef24eeeba3f5feb,262892
2025-10-13,https://s3.amazonaws.com/weruns/forfun/Kickstarter/Kickstarter_2025-10-13T07_42_31_884Z.json.gz,305556609,6075ef0049448a40ae36692202dfb3a3d8563242dfc3108ce9e1a2656946dc2a,262412
2025-11-12,https://s3.amazonaws.com/weruns/forfun/Kickstarter/Kickstarter_2025-11-12T12_09_07_111Z.json.gz,309778441,343f85192be05a842aa76f43a9c7a9c849263e0f021976f41acee748ef9e4b8b,265019
2025-12-18,https://s3.amazonaws.com/weruns/forfun/Kickstarter/Kickstarter_2025-12-18T03_20_24_296Z.json.gz,311182483,c4c5d40ab3d047ce9ea42ef540e0fa4d6359c5585dbfbe8ed3538019a3e17b04,266378
2026-01-12,https://s3.amazonaws.com/weruns/forfun/Kickstarter/Kickstarter_2026-01-12T09_37_51_016Z.json.gz,311416900,f2f6db0c79eb46cea4ff6abb37fad0b4b837b919aff28c7b66cf4289c62068ad,266279
2026-02-12,https://s3.amazonaws.com/weruns/forfun/Kickstarter/Kickstarter_2026-02-12T03_20_22_018Z.json.gz,313108218,eca815da9bf84e6696f097277e145ff44406d4786ee16b29127f15135c8e6c7f,267673
2026-03-12,https://s3.amazonaws.com/weruns/forfun/Kickstarter/Kickstarter_2026-03-12T03_20_26_556Z.json.gz,313978944,e57049dc00804edaa6577a9a6dd2e8787d833776459b32a86693594b0c0f1993,268539
2026-04-13,https://s3.amazonaws.com/weruns/forfun/Kickstarter/Kickstarter_2026-04-13T11_08_31_431Z.json.gz,315487766,2f8e6f1abe69e74d26a7d728d1d15a140d92f6d326a2a672339ecad4ad654d7f,269828
2026-05-12,https://s3.amazonaws.com/weruns/forfun/Kickstarter/Kickstarter_2026-05-12T07_26_57_886Z.json.gz,316309967,51b7211f7e4d0f0479fd7680ccdb7316e7cfd37915d2355882f903403fdff7d6,270510
2026-06-11,https://s3.amazonaws.com/weruns/forfun/Kickstarter/Kickstarter_2026-06-11T03_20_11_324Z.json.gz,318814597,675c198c5f331a7ef1c4343c097448ef33808aff7d5a4b6942f90d68ee123e38,272518
2026-07-24,https://s3.amazonaws.com/weruns/forfun/Kickstarter/Kickstarter_2026-07-24T08_26_14_228Z.json.gz,125974512,eba3e2d70f1c9abc1037efe5a9bdeb97c89e31c4c2cf9711a2d75bda4f0df6fc,112499
2026-08-12,https://s3.amazonaws.com/weruns/forfun/Kickstarter/Kickstarter_2026-08-12T08_12_02_805Z.json.gz,285686595,15ea014cdf5e6ac13656c63e43bf2f32b42743df6c2897e0e4e80fb02480ba2f,244266
2026-09-10,https://s3.amazonaws.com/weruns/forfun/Kickstarter/Kickstarter_2026-09-10T03_20_48_478Z.json.gz,227120858,378ec64b95ee809ebe8f807ba78cf00de15116a8863bc8e84a74df6b67db5317,194160
