launch_year,projects,terminal_projects,mean_scrapes_per_project,largest_single_scrape_share,video_field_present_share,video_yes_share_where_present
1970,14208,0,12.4,0.698,0.952,0.035
2009,1345,1187,31.65,1.0,0.132,0.601
2010,10710,9644,27.2,1.0,0.108,0.751
2011,26729,24197,27.05,1.0,0.12,0.824
2012,41554,38673,28.69,1.0,0.136,0.842
2013,46052,42053,29.27,1.0,0.16,0.867
2014,67891,58662,41.72,0.957,0.28,0.655
2015,63182,51300,54.49,0.805,0.399,0.603
2016,45244,36257,50.7,0.795,0.448,0.677
2017,44446,34099,39.69,0.775,0.44,0.7
2018,41136,29882,32.14,0.75,0.384,0.701
2019,39141,28237,27.34,0.725,0.378,0.634
2020,35323,25836,20.39,0.712,0.407,0.622
2021,28611,23277,17.4,0.75,0.521,0.653
2022,23775,20644,18.88,0.756,0.686,0.616
2023,24668,21299,19.65,0.816,0.844,0.64
2024,32394,26739,17.96,0.774,1.0,0.628
2025,33817,26887,11.9,0.802,1.0,0.64
2026,22781,15706,4.7,0.717,1.0,0.641
