year,cpi,months,partial,source,retrieved
2009,214.537,12,False,BLS CUUR0000SA0,2026-10-02
2010,218.056,12,False,BLS CUUR0000SA0,2026-10-02
2011,224.939,12,False,BLS CUUR0000SA0,2026-10-02
2012,229.594,12,False,BLS CUUR0000SA0,2026-10-02
2013,232.957,12,False,BLS CUUR0000SA0,2026-10-02
2014,236.736,12,False,BLS CUUR0000SA0,2026-10-02
2015,237.017,12,False,BLS CUUR0000SA0,2026-10-02
2016,240.007,12,False,BLS CUUR0000SA0,2026-10-02
2017,245.12,12,False,BLS CUUR0000SA0,2026-10-02
2018,251.107,12,False,BLS CUUR0000SA0,2026-10-02
2019,255.657,12,False,BLS CUUR0000SA0,2026-10-02
2020,258.811,12,False,BLS CUUR0000SA0,2026-10-02
2021,270.97,12,False,BLS CUUR0000SA0,2026-10-02
2022,292.655,12,False,BLS CUUR0000SA0,2026-10-02
2023,304.702,12,False,BLS CUUR0000SA0,2026-10-02
2024,313.689,12,False,BLS CUUR0000SA0,2026-10-02
2025,321.943,11,True,BLS CUUR0000SA0,2026-10-02
2026,331.655,8,True,BLS CUUR0000SA0,2026-10-02
